,Coeficient,P_value
const,183.98315102496284,0.0
Age,-0.007455543973375996,0.6656369872218402
BMI,-0.01657579914191453,0.18105032980077732
Heart Rate,0.013623518839245966,0.062424735977164275
