Smoking,Colesterol_Mediu
0,184.54422931702518
1,184.23330212051835
