Gender,BMI_Mediu
0,23.165895752810275
1,23.166811945168526
